Workbook
Name DataMerge: 'Quản lý điện nước, chi phí tiền'!$A$2:$P$15
Name Phong: 'Quản lý điện nước, chi phí tiền'!$A$4:$A$15
Name SL: 'Quản lý điện nước, chi phí tiền'!$A$4:$R$15

Sheet Thông Báo tháng
A1: THÔNG BÁO TIỀN PHÒNG TRỌ | M1: THÔNG BÁO TIỀN PHÒNG TRỌ | W1: Nhấn vào ô màu vàng chọn phòng trọ cần in thông báo
A2: 45901 | M2: =A2
A4: Kính gửi : | C4: =IF($R$6="","",VLOOKUP(F6,SL,17,0)) | F4: CMND số: | H4: =IF($R$6="","",VLOOKUP(F6,SL,18,0)) | M4: Kính gửi : | O4: =IF($R$6="","",VLOOKUP(R6,SL,17,0)) | R4: CMND số: | T4: =IF($R$6="","",VLOOKUP(R6,SL,18,0)) | X4: THIẾT LẬP GIÁ
C6: Phòng số: | F6: =R6 | O6: Phòng số: | R6: 3A | X6: PHÒNG: | Y6: 2200000
X7: ĐIỆN: | Y7: 2900
A8: STT | B8: Khoản | D8: Chi tiết | I8: Thành Tiền | M8: STT | N8: Khoản | P8: Chi tiết | U8: Thành Tiền | X8: NƯỚC: | Y8: 12000
A9: 1 | B9: Phòng | I9: =IF($R$6="","",Y6) | M9: 1 | N9: Phòng | U9: =IF($R$6="","",Y6) | X9: RÁC: | Y9: 40000
A10: 2 | B10: Điện | D10: =IF($R$6="","",IF(VLOOKUP(F6,SL,4,0)=0,"","( "&VLOOKUP(F6,SL,3,0)&" - "&VLOOKUP(F6,SL,2,0)&" ) = "&VLOOKUP(F6,SL,4,0)&"Kw x 2.900 đ/Kwh")) | I10: =IF($R$6="","",VLOOKUP(F6,SL,8,0)) | M10: 2 | N10: Điện | P10: =IF($R$6="","",IF(VLOOKUP(R6,SL,4,0)=0,"","( "&VLOOKUP(R6,SL,3,0)&" - "&VLOOKUP(R6,SL,2,0)&" ) = "&VLOOKUP(R6,SL,4,0)&"Kw x 2.900 đ/Kwh")) | U10: =IF($R$6="","",VLOOKUP(R6,SL,8,0)) | X10: INTERNET | Y10: 24000
A11: 3 | B11: Nước | D11: =IF($R$6="","",IF(VLOOKUP(F6,SL,7,0)=0,"","( "&VLOOKUP(F6,SL,6,0)&" - "&VLOOKUP(F6,SL,5,0)&" ) = "&VLOOKUP(F6,SL,7,0)&"m3 x 12.000 đ/m3")) | I11: =IF($R$6="","",VLOOKUP(F6,SL,9,0)) | M11: 3 | N11: Nước | P11: =IF($R$6="","",IF(VLOOKUP(R6,SL,7,0)=0,"","( "&VLOOKUP(R6,SL,6,0)&" - "&VLOOKUP(R6,SL,5,0)&" ) = "&VLOOKUP(R6,SL,7,0)&"m3 x 12.000 đ/m3")) | U11: =IF($R$6="","",VLOOKUP(R6,SL,9,0))
A12: 4 | B12: Điện hao tải | D12: =IF($R$6="","",IF(VLOOKUP(R6,SL,4,0)=0,"","( "&VLOOKUP(R6,SL,4,0)&"Kw x 7% ) = "&VLOOKUP(R6,SL,13,0)&"Kwh x 2.900 đ/Kwh")) | I12: =IF($R$6="","",VLOOKUP(F6,SL,14,0)) | M12: 4 | N12: Điện hao tải | P12: =IF($R$6="","",IF(VLOOKUP(R6,SL,4,0)=0,"","( "&VLOOKUP(R6,SL,4,0)&"Kw x 7% ) = "&VLOOKUP(R6,SL,13,0)&"Kwh x 2.900 đ/Kwh")) | U12: =IF($R$6="","",VLOOKUP(R6,SL,14,0))
A13: 5 | B13: Rác | I13: =IF($R$6="","",VLOOKUP(F6,SL,11,0)) | M13: 5 | N13: Rác | U13: =IF($R$6="","",VLOOKUP(R6,SL,11,0))
A14: 6 | B14: Internet | I14: =IF($R$6="","",VLOOKUP(F6,SL,12,0)) | M14: 6 | N14: Internet | U14: =IF($R$6="","",VLOOKUP(R6,SL,12,0))
D15: Cộng: | I15: =SUM(I9:I14) | P15: Cộng: | U15: =SUM(U9:U14)
A18: Phần Thanh toán: | M18: Phần Thanh toán:
A19: -Số tiền còn nợ tháng trước : | E19: =IF(R6="","",VLOOKUP(R6,SL,15,0)) | M19: -Số tiền còn nợ tháng trước : | Q19: =IF(R6="","",VLOOKUP(R6,SL,15,0))
A20: -Phải trả tháng này: | E20: =I15 | M20: -Phải trả tháng này: | Q20: =U15
B21: Tổng Cộng: | E21: =SUM(E18:F20) | N21: Tổng Cộng: | Q21: =SUM(Q18:R20)
A22: Chi tiết thanh toán: | M22: Chi tiết thanh toán:
B32: Quản lý Nhà trọ | H32: Người Trọ | N32: Quản lý Nhà trọ | T32: Người Trọ

Sheet Quản lý điện nước, chi phí tiền
A1: 1 | B1: 2 | C1: 3 | D1: 4 | E1: 5 | F1: 6 | G1: 7 | H1: 8 | I1: 9 | J1: 10 | K1: 11 | L1: 12 | M1: 13 | N1: 14 | O1: 15 | P1: 16 | Q1: 17 | R1: 18 | S1: 19
A2: Số phòng | B2: Số công tơ điện | D2: SỐ ĐIỆN TIÊU THỤ | E2: Nước | G2: SỐ NƯỚC TIÊU THỤ | H2: TIỀN ĐIỆN /SỐ | I2: TIỀN NƯỚC/ KHỐI | J2: TIỀN PHÒNG | K2: RÁC | L2: INTERNET | M2: ĐIỆN HAO TẢI (Kwh) | N2: TIỀN ĐIỆN HAO TẢI | O2: NỢ CŨ | P2: TỔNG CỘNG | Q2: HỌ TÊN | R2: CMND | S2: KÍ TÊN
B3: Số cũ | C3: Số mới | E3: Số cũ | F3: Số mới | H3: ='Thông Báo tháng'!$Y$7 | I3: ='Thông Báo tháng'!$Y$8
A4: 1A | B4: 4924 | C4: 4986 | D4: =IF(C4>B4,C4-B4,0) | E4: 539 | F4: 545 | G4: =IF((F4>E4),F4-E4,0) | H4: =IF(('Quản lý điện nước, chi phí tiền'!D4=" "),"",ROUND(D4*'Thông Báo tháng'!$Y$7,-3)) | I4: =IF(G4=0,0,G4*'Thông Báo tháng'!$Y$8) | J4: 2200000 | K4: ='Thông Báo tháng'!$Y$9 | L4: ='Thông Báo tháng'!$Y$10 | M4: =D4*7% | N4: =ROUND(M4*2900, -3) | P4: =ROUND(SUM(H4:O4), -3) | Q4: Trần Văn A | R4: 123456789
A5: 2A | B5: 10596 | C5: 10647 | D5: =IF(C5>B5,C5-B5,0) | E5: 788 | F5: 791 | G5: =IF((F5>E5),F5-E5,0) | H5: =IF(('Quản lý điện nước, chi phí tiền'!D5=" "),"",ROUND(D5*'Thông Báo tháng'!$Y$7,-3)) | I5: =IF(G5*1=0,0,G5*'Thông Báo tháng'!$Y$8) | J5: 2200000 | K5: ='Thông Báo tháng'!$Y$9 | L5: ='Thông Báo tháng'!$Y$10 | M5: =D5*7% | N5: =ROUND(M5*2900, -3) | P5: =ROUND(SUM(H5:O5), -3) | Q5: Lê Thị B | R5: 987654321
A6: 3A | B6: 19179 | C6: 19418 | D6: =IF(C6>B6,C6-B6,0) | E6: 585 | F6: 590 | G6: =IF((F6>E6),F6-E6,0) | H6: =IF(('Quản lý điện nước, chi phí tiền'!D6=" "),"",ROUND(D6*'Thông Báo tháng'!$Y$7,-3)) | I6: =IF(G6*1=0,0,G6*'Thông Báo tháng'!$Y$8) | J6: 2200000 | K6: ='Thông Báo tháng'!$Y$9 | L6: ='Thông Báo tháng'!$Y$10 | M6: =D6*7% | N6: =ROUND(M6*2900, -3) | P6: =ROUND(SUM(H6:O6), -3) | Q6: Ngô Thị Cúc | R6: 280888891 | Y6: 2000000
A7: 4A | B7: 739 | C7: 987 | D7: =IF(C7>=B7, C7-B7, (10000+C7)-B7) | E7: 458 | F7: 464 | G7: =IF((F7>E7),F7-E7,0) | H7: =IF(('Quản lý điện nước, chi phí tiền'!D7=" "),"",ROUND(D7*'Thông Báo tháng'!$Y$7,-3)) | I7: =IF(G7*1=0,0,G7*'Thông Báo tháng'!$Y$8) | J7: 2200000 | K7: ='Thông Báo tháng'!$Y$9 | L7: ='Thông Báo tháng'!$Y$10 | M7: =D7*7% | N7: =ROUND(M7*2900, -3) | P7: =ROUND(SUM(H7:O7), -3) | Q7: Lâm thu Táo | R7: 280000092
A8: 5A | B8: 10008 | C8: 10114 | D8: =IF(C8>B8,C8-B8,0) | E8: 561 | F8: 564 | G8: =IF((F8>E8),F8-E8,0) | H8: =IF(('Quản lý điện nước, chi phí tiền'!D8=" "),"",ROUND(D8*'Thông Báo tháng'!$Y$7,-3)) | I8: =IF(G8*1=0,0,G8*'Thông Báo tháng'!$Y$8) | J8: 2200000 | K8: ='Thông Báo tháng'!$Y$9 | L8: ='Thông Báo tháng'!$Y$10 | M8: =D8*7% | N8: =ROUND(M8*2900, -3) | P8: =ROUND(SUM(H8:O8), -3) | Q8: Cẩm Thu Lê | R8: 280888892
A9: 6A | B9: 9452 | C9: 9537 | D9: =IF(C9>B9,C9-B9,0) | E9: 615 | F9: 621 | G9: =IF((F9>E9),F9-E9,0) | H9: =IF(('Quản lý điện nước, chi phí tiền'!D9=" "),"",ROUND(D9*'Thông Báo tháng'!$Y$7,-3)) | I9: =IF(G9*1=0,0,G9*'Thông Báo tháng'!$Y$8) | J9: 2200000 | K9: ='Thông Báo tháng'!$Y$9 | L9: ='Thông Báo tháng'!$Y$10 | M9: =D9*7% | N9: =ROUND(M9*2900, -3) | P9: =ROUND(SUM(H9:O9), -3) | Q9: Minh Hùng | R9: 280000093
A10: 1B | B10: 7409 | C10: 7501 | D10: =IF(C10>B10,C10-B10,0) | E10: 613 | F10: 619 | G10: =IF((F10>E10),F10-E10,0) | H10: =IF(('Quản lý điện nước, chi phí tiền'!D10=" "),"",ROUND(D10*'Thông Báo tháng'!$Y$7,-3)) | I10: =IF(G10*1=0,0,G10*'Thông Báo tháng'!$Y$8) | J10: 2200000 | K10: ='Thông Báo tháng'!$Y$9 | L10: ='Thông Báo tháng'!$Y$10 | M10: =D10*7% | N10: =ROUND(M10*2900, -3) | P10: =ROUND(SUM(H10:O10), -3) | Q10: Minh Anh | R10: 280888893
A11: 2B | B11: 7873 | C11: 7958 | D11: =IF(C11>B11,C11-B11,0) | E11: 641 | F11: 648 | G11: =IF((F11>E11),F11-E11,0) | H11: =IF(('Quản lý điện nước, chi phí tiền'!D11=" "),"",ROUND(D11*'Thông Báo tháng'!$Y$7,-3)) | I11: =IF(G11*1=0,0,G11*'Thông Báo tháng'!$Y$8) | J11: 2200000 | K11: ='Thông Báo tháng'!$Y$9 | L11: ='Thông Báo tháng'!$Y$10 | M11: =D11*7% | N11: =ROUND(M11*2900, -3) | P11: =ROUND(SUM(H11:O11), -3) | Q11: Manh Hung | R11: 2808888911
A12: 3B | B12: 10669 | C12: 10685 | D12: =IF(C12>B12,C12-B12,0) | E12: 696 | F12: 700 | G12: =IF((F12>E12),F12-E12,0) | H12: =IF(('Quản lý điện nước, chi phí tiền'!D12=" "),"",ROUND(D12*'Thông Báo tháng'!$Y$7,-3)) | I12: =IF(G12*1=0,0,G12*'Thông Báo tháng'!$Y$8) | J12: 2200000 | K12: ='Thông Báo tháng'!$Y$9 | L12: ='Thông Báo tháng'!$Y$10 | M12: =D12*7% | N12: =ROUND(M12*2900, -3) | P12: =ROUND(SUM(H12:O12), -3) | Q12: Chuc Sinh Xan | R12: 280888894
A13: 4B | B13: 9616 | C13: 9651 | D13: =IF(C13>B13,C13-B13,0) | E13: 760 | F13: 766 | G13: =IF((F13>E13),F13-E13,0) | H13: =IF(('Quản lý điện nước, chi phí tiền'!D13=" "),"",ROUND(D13*'Thông Báo tháng'!$Y$7,-3)) | I13: =IF(G13*1=0,0,G13*'Thông Báo tháng'!$Y$8) | J13: 2200000 | K13: ='Thông Báo tháng'!$Y$9 | L13: ='Thông Báo tháng'!$Y$10 | M13: =D13*7% | N13: =ROUND(M13*2900, -3) | P13: =ROUND(SUM(H13:O13), -3) | Q13: Hung Ngo Lan | R13: 280000095
A14: 5B | B14: 7119 | C14: 7262 | D14: =IF(C14>B14,C14-B14,0) | E14: 502 | F14: 515 | G14: =IF((F14>E14),F14-E14,0) | H14: =IF(('Quản lý điện nước, chi phí tiền'!D14=" "),"",ROUND(D14*'Thông Báo tháng'!$Y$7,-3)) | I14: =IF(G14*1=0,0,G14*'Thông Báo tháng'!$Y$8) | J14: 2200000 | K14: ='Thông Báo tháng'!$Y$9 | L14: ='Thông Báo tháng'!$Y$10 | M14: =D14*7% | N14: =ROUND(M14*2900, -3) | P14: =ROUND(SUM(H14:O14), -3) | Q14: Liang chun wai | R14: 280888895
A15: 6B | B15: 12693 | C15: 12792 | D15: =IF(C15>B15,C15-B15,0) | E15: 716 | F15: 721 | G15: =IF((F15>E15),F15-E15,0) | H15: =IF(('Quản lý điện nước, chi phí tiền'!D15=" "),"",ROUND(D15*'Thông Báo tháng'!$Y$7,-3)) | I15: =IF(G15*1=0,0,G15*'Thông Báo tháng'!$Y$8) | J15: 2200000 | K15: ='Thông Báo tháng'!$Y$9 | L15: ='Thông Báo tháng'!$Y$10 | M15: =D15*7% | N15: =ROUND(M15*2900, -3) | P15: =ROUND(SUM(H15:O15), -3) | Q15: ABC | R15: 29098877
A16: DOANH THU THÁNG | P16: =SUM(P4:P15)
D17: =SUM(D4:D15) | J17: =SUM(J4:J15)

Sheet Sheet1
A1: Số phòng | B1: Số cũ | C1: Số mới | D1: SỐ ĐIỆN TIÊU THỤ | E1: Số cũ | F1: Số mới | G1: SỐ NƯỚC TIÊU THỤ | H1: TIỀN ĐIỆN /SỐ | I1: TIỀN NƯỚC/ KHỐI | J1: TIỀN PHÒNG | K1: RÁC | L1: INTERNET | M1: ĐIỆN HAO TẢI (Kwh) | N1: TIỀN ĐIỆN HAO TẢI | O1: NỢ CŨ | P1: TỔNG CỘNG | Q1: HỌ TÊN | R1: CMND | S1: KÍ TÊN
A2: ='Quản lý điện nước, chi phí tiền'!A4 | B2: ='Quản lý điện nước, chi phí tiền'!B4 | C2: ='Quản lý điện nước, chi phí tiền'!C4 | D2: ='Quản lý điện nước, chi phí tiền'!D4 | E2: ='Quản lý điện nước, chi phí tiền'!E4 | F2: ='Quản lý điện nước, chi phí tiền'!F4 | G2: ='Quản lý điện nước, chi phí tiền'!G4 | H2: ='Quản lý điện nước, chi phí tiền'!H4 | ... S2: ='Quản lý điện nước, chi phí tiền'!S4
A3: ='Quản lý điện nước, chi phí tiền'!A5 | B3: ='Quản lý điện nước, chi phí tiền'!B5 | C3: ='Quản lý điện nước, chi phí tiền'!C5 | D3: ='Quản lý điện nước, chi phí tiền'!D5 | E3: ='Quản lý điện nước, chi phí tiền'!E5 | F3: ='Quản lý điện nước, chi phí tiền'!F5 | G3: ='Quản lý điện nước, chi phí tiền'!G5 | H3: ='Quản lý điện nước, chi phí tiền'!H5 | ... S3: ='Quản lý điện nước, chi phí tiền'!S5
A4: ='Quản lý điện nước, chi phí tiền'!A6 | B4: ='Quản lý điện nước, chi phí tiền'!B6 | C4: ='Quản lý điện nước, chi phí tiền'!C6 | D4: ='Quản lý điện nước, chi phí tiền'!D6 | E4: ='Quản lý điện nước, chi phí tiền'!E6 | F4: ='Quản lý điện nước, chi phí tiền'!F6 | G4: ='Quản lý điện nước, chi phí tiền'!G6 | H4: ='Quản lý điện nước, chi phí tiền'!H6 | ... S4: ='Quản lý điện nước, chi phí tiền'!S6
A5: ='Quản lý điện nước, chi phí tiền'!A7 | B5: ='Quản lý điện nước, chi phí tiền'!B7 | C5: ='Quản lý điện nước, chi phí tiền'!C7 | D5: ='Quản lý điện nước, chi phí tiền'!D7 | E5: ='Quản lý điện nước, chi phí tiền'!E7 | F5: ='Quản lý điện nước, chi phí tiền'!F7 | G5: ='Quản lý điện nước, chi phí tiền'!G7 | H5: ='Quản lý điện nước, chi phí tiền'!H7 | ... S5: ='Quản lý điện nước, chi phí tiền'!S7
A6: ='Quản lý điện nước, chi phí tiền'!A8 | B6: ='Quản lý điện nước, chi phí tiền'!B8 | C6: ='Quản lý điện nước, chi phí tiền'!C8 | D6: ='Quản lý điện nước, chi phí tiền'!D8 | E6: ='Quản lý điện nước, chi phí tiền'!E8 | F6: ='Quản lý điện nước, chi phí tiền'!F8 | G6: ='Quản lý điện nước, chi phí tiền'!G8 | H6: ='Quản lý điện nước, chi phí tiền'!H8 | ... S6: ='Quản lý điện nước, chi phí tiền'!S8
A7: ='Quản lý điện nước, chi phí tiền'!A9 | B7: ='Quản lý điện nước, chi phí tiền'!B9 | C7: ='Quản lý điện nước, chi phí tiền'!C9 | D7: ='Quản lý điện nước, chi phí tiền'!D9 | E7: ='Quản lý điện nước, chi phí tiền'!E9 | F7: ='Quản lý điện nước, chi phí tiền'!F9 | G7: ='Quản lý điện nước, chi phí tiền'!G9 | H7: ='Quản lý điện nước, chi phí tiền'!H9 | ... S7: ='Quản lý điện nước, chi phí tiền'!S9
A8: ='Quản lý điện nước, chi phí tiền'!A10 | B8: ='Quản lý điện nước, chi phí tiền'!B10 | C8: ='Quản lý điện nước, chi phí tiền'!C10 | D8: ='Quản lý điện nước, chi phí tiền'!D10 | E8: ='Quản lý điện nước, chi phí tiền'!E10 | F8: ='Quản lý điện nước, chi phí tiền'!F10 | G8: ='Quản lý điện nước, chi phí tiền'!G10 | H8: ='Quản lý điện nước, chi phí tiền'!H10 | ... S8: ='Quản lý điện nước, chi phí tiền'!S10
A9: ='Quản lý điện nước, chi phí tiền'!A11 | B9: ='Quản lý điện nước, chi phí tiền'!B11 | C9: ='Quản lý điện nước, chi phí tiền'!C11 | D9: ='Quản lý điện nước, chi phí tiền'!D11 | E9: ='Quản lý điện nước, chi phí tiền'!E11 | F9: ='Quản lý điện nước, chi phí tiền'!F11 | G9: ='Quản lý điện nước, chi phí tiền'!G11 | H9: ='Quản lý điện nước, chi phí tiền'!H11 | ... S9: ='Quản lý điện nước, chi phí tiền'!S11
A10: ='Quản lý điện nước, chi phí tiền'!A12 | B10: ='Quản lý điện nước, chi phí tiền'!B12 | C10: ='Quản lý điện nước, chi phí tiền'!C12 | D10: ='Quản lý điện nước, chi phí tiền'!D12 | E10: ='Quản lý điện nước, chi phí tiền'!E12 | F10: ='Quản lý điện nước, chi phí tiền'!F12 | G10: ='Quản lý điện nước, chi phí tiền'!G12 | H10: ='Quản lý điện nước, chi phí tiền'!H12 | ... S10: ='Quản lý điện nước, chi phí tiền'!S12
A11: ='Quản lý điện nước, chi phí tiền'!A13 | B11: ='Quản lý điện nước, chi phí tiền'!B13 | C11: ='Quản lý điện nước, chi phí tiền'!C13 | D11: ='Quản lý điện nước, chi phí tiền'!D13 | E11: ='Quản lý điện nước, chi phí tiền'!E13 | F11: ='Quản lý điện nước, chi phí tiền'!F13 | G11: ='Quản lý điện nước, chi phí tiền'!G13 | H11: ='Quản lý điện nước, chi phí tiền'!H13 | ... S11: ='Quản lý điện nước, chi phí tiền'!S13
A12: ='Quản lý điện nước, chi phí tiền'!A14 | B12: ='Quản lý điện nước, chi phí tiền'!B14 | C12: ='Quản lý điện nước, chi phí tiền'!C14 | D12: ='Quản lý điện nước, chi phí tiền'!D14 | E12: ='Quản lý điện nước, chi phí tiền'!E14 | F12: ='Quản lý điện nước, chi phí tiền'!F14 | G12: ='Quản lý điện nước, chi phí tiền'!G14 | H12: ='Quản lý điện nước, chi phí tiền'!H14 | ... S12: ='Quản lý điện nước, chi phí tiền'!S14
A13: ='Quản lý điện nước, chi phí tiền'!A15 | B13: ='Quản lý điện nước, chi phí tiền'!B15 | C13: ='Quản lý điện nước, chi phí tiền'!C15 | D13: ='Quản lý điện nước, chi phí tiền'!D15 | E13: ='Quản lý điện nước, chi phí tiền'!E15 | F13: ='Quản lý điện nước, chi phí tiền'!F15 | G13: ='Quản lý điện nước, chi phí tiền'!G15 | H13: ='Quản lý điện nước, chi phí tiền'!H15 | ... S13: ='Quản lý điện nước, chi phí tiền'!S15
A14: DOANH THU THÁNG | P14: ='Quản lý điện nước, chi phí tiền'!P16
